Model,Consistency (%),Consistency (Count),Alignment (%),Alignment (Count),Quality (%),Quality (Count)
flux_best,93.33333333333333,28,96.66666666666667,29,96.66666666666667,29
characonsist,6.666666666666667,2,3.3333333333333335,1,3.3333333333333335,1
